BA_guess,key_mlbam
0.297218,677951
0.275776,592450
0.275642,683002
0.283416,665742
0.279219,605141
0.276824,677594
0.303208,670541
0.279596,660271
0.258302,596019
0.280131,608070
0.292872,660670
0.279199,665487
0.274929,661388
0.299044,665489
0.26419,682998
0.22418,663728
0.254585,682829
0.280355,701538
0.284552,608369
0.279286,606466
0.262186,668939
0.240086,672275
0.289366,671739
0.280731,547180
0.275389,663656
0.287987,518692
0.256521,543760
0.268086,663586
0.273759,672386
0.269628,682985
0.268306,608324
0.246678,670623
0.244417,683011
0.280385,666182
0.267166,592518
0.240321,642715
0.264219,691026
0.241424,656305
0.233288,669224
0.27839,607208
0.264325,665926
0.268292,621043
0.244454,621020
0.28329,672515
0.267956,691406
0.253977,687263
0.285193,680757
0.248113,665862
0.249911,668901
0.291782,650490
0.258266,665833
0.291023,805779
0.260161,680574
0.265316,676059
0.270118,694192
0.232745,668709
0.257868,671732
0.264628,680776
0.270287,593428
0.284781,669364
0.295394,808982
0.256248,682928
0.278133,663538
0.265389,665161
0.240478,664040
0.268262,694671
0.249816,669257
0.282048,673237
0.251901,621566
0.252502,545361
0.269129,514888
0.248975,667670
0.267011,645277
0.253944,668904
0.270486,646240
0.258994,650402
0.243862,572233
0.258566,571448
0.25575,663457
0.256369,641355
0.260139,678662
0.221367,666310
0.227974,656941
0.231262,669127
0.278885,680977
0.259432,681082
0.237881,682626
0.279385,671277
0.24233,681297
0.271645,686469
0.262961,695578
0.216579,668670
0.259482,671056
0.266721,692225
0.238878,624413
0.245506,673357
0.245386,623993
0.246328,677587
0.253051,607043
0.251261,621493
0.244643,664023
0.245734,656775
0.239623,641487
0.277243,664761
0.254398,672695
0.249566,673490
0.239059,668227
0.263827,690993
0.255022,668930
0.307723,650333
0.262934,668804
0.255007,663697
0.256971,606192
0.24828,575929
0.246391,686668
0.2636,672580
0.238923,621439
0.235425,553993
0.233719,669221
0.26437,650859
0.242719,691718
0.235996,702616
0.252589,666139
0.250824,670770
0.213667,571970
0.232622,670242
0.239466,681351
0.242106,630105
0.252043,691176
0.238324,678009
0.2435,657041
0.250382,645302
0.253851,502671
0.233021,666624
0.250162,673962
0.267226,592885
0.247268,592663
0.252897,687401
0.261022,542303
0.246854,671213
0.26164,595777
0.241347,641857
0.269328,647304
0.22508,662139
0.268419,664983
0.258723,663647
0.245798,669016
0.254066,696285
0.227076,678246
0.24531,543807
0.245214,650489
0.246373,669394
0.235859,680777
0.260899,521692
0.277917,672640
0.260405,694384
0.259611,663993
0.221898,593871
0.253345,592626
0.243395,681393
0.255545,686797
0.251514,669242
0.262507,693304
0.25616,673548
0.256184,666023
0.237306,669003
0.236375,641680
0.244467,807713
0.257018,686681
0.239382,666969
0.268349,687462
0.250174,665750
0.229702,643376
0.248248,664774
0.23925,676694
0.233634,641933
0.238746,606115
0.246222,624431
0.243112,805367
0.235184,608348
0.274393,695238
0.248527,671218
0.226983,680869
0.253723,663886
0.250112,605170
0.256386,681481
0.235747,624585
0.272239,643446
0.258184,660688
0.244848,677800
0.271086,676391
0.24448,668715
0.245667,669701
0.260418,663624
0.229831,666149
0.243997,663616
0.245114,664728
0.248341,686611
0.256022,691023
0.229723,670042
0.275126,676475
0.269796,669304
0.236313,676356
0.253285,663837
0.237328,467793
0.269296,656811
0.2217,543309
0.259375,677950
0.241261,700932
0.256394,660821
0.245006,665828
0.24158,694497
0.243232,665804
0.255428,683734
0.22548,666176
0.234918,691016
0.235359,683737
0.274748,609280
0.251909,678882
0.205324,664238
0.273318,666971
0.225059,649966
0.245002,680700
0.254945,666018
0.26677,642731
0.238126,518595
0.257908,666158
0.221536,666163
0.248397,682848
0.243159,624424
0.246036,664056
0.226277,700242
0.223415,666397
0.224856,669357
0.264015,686217
0.241165,672356
0.223384,669208
0.228687,676609
0.239338,663743
0.206977,642350
0.25499,702176
0.239563,543877
0.254162,672820
0.243995,668942
0.27912,808975
0.256956,602104
0.232316,666134
0.243833,608385
0.245717,596146
0.244315,643565
0.235237,669004
0.275403,671289
0.266563,570482
0.264711,643396
0.267844,643289
0.213171,663757
0.227026,693307
0.237103,595879
0.228822,620443
0.226537,690291
0.238936,663698
0.236672,686948
0.25389,679032
0.249266,677008
0.246713,681624
0.241957,600869
0.235248,691019
0.239961,660162
0.224587,596115
0.247517,663898
0.234794,700337
0.240322,676801
0.260399,643217
0.25857,664034
0.250689,682668
0.238647,687363
0.204235,695657
0.241915,672761
0.233866,656716
0.231508,686780
0.225606,573262
0.257102,641584
0.242663,691783
0.231167,682877
0.230144,663368
0.208247,657557
0.244953,701350
0.259223,687952
0.251725,682641
0.250813,605137
0.237419,621438
0.260112,669134
0.267305,578428
0.218479,596142
0.210306,670764
0.266495,642708
0.237319,518735
0.235206,622761
0.232781,672724
0.216841,665966
0.210132,641598
0.231139,519317
0.261662,678554
0.233466,689414
0.223806,656555
0.259096,608701
0.221053,669261
0.236615,681146
0.252832,677588
0.238765,683146
0.247554,657136
0.238382,640902
0.241627,695336
0.241014,571771
0.26269,691594
0.211633,686554
0.227337,669743
0.227641,669065
0.276927,802415
0.239027,664913
0.244715,592669
0.224217,691777
0.233499,678877
0.238782,702332
0.219982,676914
0.24515,624641
0.244528,669707
0.249891,656976
0.265841,669289
0.246602,656537
0.250801,669397
0.250173,691011
0.221514,681546
0.264287,516782
0.226776,700250
0.253572,669720
0.191805,595978
0.243372,681508
0.238014,665561
0.233507,691723
0.258266,694377
0.250908,681460
0.253509,457759
0.248095,518934
0.229325,702284
0.231355,666152
0.223109,641555
0.249405,502054
0.255133,592192
0.220777,682177
0.274014,686823
0.231788,596103
0.248366,665923
0.216606,680474
0.246297,695681
0.222193,682619
0.256537,680118
0.254538,677649
0.253911,678225
0.235402,518792
0.282981,807799
0.231975,682663
0.222493,679529
0.247193,670032
0.232319,642133
0.255031,456781
0.234733,689172
0.231715,657656
0.262826,622534
0.259438,687231
0.228125,553869
0.229036,605131
0.21196,623168
0.237688,672284
0.243585,527038
0.262162,657077
0.259345,663968
0.245776,681807
0.252703,663853
0.257689,500743
0.238296,680718
0.258044,545341
0.237846,677870
0.234459,666160
0.245973,628451
0.242016,682622
0.28045,677551
0.23058,683083
0.24282,667472
0.220876,672279
0.243034,680728
0.244775,694212
0.240996,682657
0.228128,669911
0.267783,664770
0.221852,687529
0.26696,650391
0.253659,592206
0.226692,644433
0.236536,687515
0.251142,676572
0.245881,691185
0.248298,668885
0.216371,621035
0.240546,669477
0.243973,622569
0.265758,687093
0.244528,665877
0.246857,621028
0.217081,642136
0.245684,701305
0.258198,641313
0.232404,542194
0.229255,656582
0.209598,656577
0.238999,696100
0.24211,686452
0.248432,677595
0.244208,542932
0.227725,656413
0.239798,666185
0.238409,680577
0.232093,660644
0.229772,686482
0.238841,655316
0.217681,665155
0.21216,691181
0.222142,669398
0.242152,686527
0.250803,679845
0.234802,670156
0.212648,572191
0.240445,671286
0.213914,660844
0.235688,665839
0.228664,645444
0.243117,656248
0.232962,681962
0.230492,691620
0.246162,691785
0.234732,666165
0.245652,807712
0.234651,666464
0.225546,689200
0.224448,669234
0.245084,687597
0.247451,593160
0.220459,686555
0.211345,666181
0.215816,676070
0.228054,672012
0.232872,682868
0.242073,672359
0.232587,695391
0.216331,606992
0.225675,680779
0.233816,607680
0.236045,671221
0.239463,699625
0.25767,685133
0.255133,571657
0.216231,624415
0.243832,805373
0.21503,669087
0.228551,688363
0.23845,656541
0.244202,691182
0.220164,663609
0.211248,676439
0.234692,519203
0.231311,666703
0.226174,694376
0.227413,670276
0.24632,656896
0.247508,701678
0.200286,677347
0.236303,621512
0.247198,660766
0.230467,642851
0.227963,624512
0.211195,663967
0.262011,545121
0.249697,647351
0.220224,682988
0.205664,695670
0.245845,624428
0.219226,642215
0.216974,686894
0.245756,694876
0.241226,694208
0.22,678391
0.24203,672569
0.228978,670869
0.23501,592273
0.232504,678894
0.238682,686765
0.231472,683090
0.229026,543510
0.237487,607732
0.252585,688460
0.228012,671083
0.272525,683021
0.23086,663604
0.198822,668952
0.251445,672478
0.247311,702358
0.231796,457705
0.23368,677592
0.194663,676116
0.214227,691788
0.24689,641645
0.252577,444482
0.226245,608596
0.207449,805300
0.230731,641511
0.219872,700246
0.221566,682729
0.230138,623520
0.222523,664702
0.244671,543685
0.199572,664874
0.20901,666211
0.231883,694374
0.235977,642197
0.248669,678545
0.21766,642020
0.219803,621466
0.24188,664059
0.237979,641658
0.217234,686676
0.227824,665019
0.243799,665953
0.232842,682927
0.238322,657757
0.235005,678489
0.237381,682634
0.220963,657247
0.241627,691728
0.213712,672744
0.22765,683748
0.225801,656180
0.22533,645305
0.224435,663330
0.253197,658668
0.21954,690976
0.227549,605204
0.238826,663527
0.231002,680716
0.249109,689288
0.23428,683357
0.194092,670097
0.271579,663611
0.221356,668731
0.212945,571912
0.229276,686531
0.203994,665856
0.222862,669222
0.199957,670224
0.229684,691858
0.224047,660636
0.239283,608671
0.257671,677578
0.245343,650559
0.245012,805834
0.25755,701649
0.213764,596117
0.20997,668853
0.218638,572138
0.250875,689041
0.234897,605353
0.23083,695257
0.230066,691740
0.236078,502110
0.250873,823356
0.194147,682239
0.235357,663662
0.201109,675448
0.22405,670231
0.228578,702789
0.235174,672779
0.214756,665846
0.247745,605361
0.236805,693049
0.250373,669374
0.22575,691781
0.226778,804668
0.218052,682617
0.2484,660757
0.226484,691627
0.235418,674441
0.22591,685332
0.230809,669137
0.245495,665998
0.194886,675915
0.255451,641943
0.252026,801670
0.260684,663494
0.23671,672613
0.225741,680737
0.247904,690022
0.239823,675961
0.223492,669699
0.233378,649557
0.220327,690984
0.215351,687627
0.222403,681123
0.206892,681526
0.195026,682616
0.252285,694410
0.239185,690961
0.212569,695600
0.24791,680709
0.242319,701675
0.220704,691907
0.228271,595281
0.230444,694355
0.223388,679822
0.240132,660613
0.249374,683679
0.210409,682192
0.214705,664314
0.194048,687152
0.25768,693409
0.25919,702222
0.210871,571466
0.215541,694478
0.220919,681047
0.245397,702331
0.218235,672016
0.226936,676679
0.222,696281
0.221956,685382
0.199238,682983
0.223707,687551
0.18013,624513
0.239904,691373
0.221894,687478
0.229005,690924
0.199141,656883
0.220594,694388
0.216764,682987
0.246676,681333
0.20897,702518
0.236407,672463
0.229463,807727
0.215708,650907
0.22382,680769
0.222243,642727
0.263306,691003
0.260435,800050
0.222139,642180
0.205219,678218
0.235003,682900
0.233003,664901
0.223353,641779
0.211368,692416
0.230143,687957
0.192845,700652
0.248994,608841
0.205775,680846
0.227621,672373
0.192881,681355
0.20359,680862
0.213482,686639
0.214902,682692
0.228188,700784
0.232921,660707
0.219096,660710
0.221661,699024
0.226713,670232
0.232619,666632
0.216767,688682
0.209132,686551
0.207873,676063
0.229458,702302
0.236139,703520
0.21856,671655
0.231534,701496
0.223977,671287
0.214436,668791
0.230781,686523
0.231766,622268
0.238346,643393
0.211097,690474
0.228236,687637
0.235789,666150
0.251473,671117
0.260238,680911
0.23093,702463
0.251074,664670
0.238139,801501
0.222517,543063
0.247319,807747
0.219108,666801
0.210722,694966
0.221757,670237
0.199922,681433
0.210816,650619
0.191391,699073
0.248904,493329
0.208818,647378
0.210263,680837
0.239319,677954
0.249373,695020
0.18389,675910
0.220534,669392
0.239386,668751
0.223422,810938
0.209492,669450
0.240673,679563
0.220208,542364
0.234132,596129
0.216203,682774
0.23399,592325
0.206712,682947
0.208319,682515
0.213793,680868
0.213348,694175
0.209386,681230
0.20748,657709
0.215743,672642
0.247911,691277
0.231165,678760
0.207421,621550
0.223187,553882
0.218098,678900
0.218523,668800
0.198763,668974
0.247607,701298
0.217011,702261
0.230404,667452
0.192702,663584
0.212405,594807
0.216325,670250
0.227838,680672
0.230597,801076
0.217998,592200
0.203769,664926
0.222751,664954
0.221781,641468
0.229933,668721
0.241301,696030
0.22203,663897
0.214548,681584
0.23401,595909
0.212719,681715
0.222055,687282
0.213146,681080
0.212064,572204
0.244415,624417
0.241862,688005
0.219485,593934
0.244233,683494
0.22907,676369
0.210767,664119
0.208407,687347
0.223248,666712
0.229066,691558
0.22625,656024
0.224377,676701
0.222549,805808
0.205114,688367
0.227131,683766
0.226766,695930
0.211436,542208
0.220198,685076
0.214265,665782
0.209526,681439
0.22267,543305
0.224581,692368
0.221498,676919
0.218886,641884
0.208585,670394
0.22411,694304
0.22239,663526
0.232759,676044
0.221209,683227
0.238351,624503
0.232779,663796
0.222769,657675
0.233618,665180
0.191625,703245
0.210241,660686
0.202899,656340
0.218269,805249
0.206257,695299
0.221642,683490
0.221591,687005
0.201423,695596
0.218082,680519
0.236202,686810
0.237101,694196
0.207659,656484
0.24138,681623
0.214087,676198
0.207746,668663
0.218795,691369
0.232014,542963
0.227833,665482
0.188397,666194
0.219405,703185
0.206935,683233
0.222413,665506
0.215553,678594
0.233777,666143
0.235209,664029
0.208397,669236
0.206541,669023
0.227849,691024
0.223044,657739
0.19264,661531
0.227543,671976
0.213485,631222
0.207705,687144
0.227655,696160
0.233669,694197
0.207482,663503
0.206788,663760
0.189465,678323
0.192373,666124
0.187045,683079
0.22657,801464
0.240628,661411
0.232452,642336
0.238889,665922
0.231212,670427
0.241465,687859
0.239437,685274
0.22464,687221
0.23624,681581
0.227809,670092
0.216514,670712
0.200489,806394
0.229272,675394
0.212518,660829
0.199259,676332
0.197369,686976
0.228706,694673
0.231369,672733
0.250295,664057
0.199594,668832
0.225195,664051
0.201903,668876
0.213158,608339
0.218482,656467
0.222041,682210
0.192759,670281
0.21859,670148
0.22289,642201
0.228623,665066
0.201142,656943
0.219729,686475
0.203151,688032
0.251891,641432
0.201329,677007
0.245711,663610
0.212267,666137
0.203318,681487
0.218633,644407
0.210029,666133
0.200989,683735
0.225216,605113
0.211209,672517
0.233558,656274
0.236561,620446
0.199295,670149
0.232925,667442
0.203878,669360
0.21845,641684
0.221551,682942
0.197921,657023
0.220548,624416
0.231632,680438
0.241432,640457
0.208975,804596
0.20016,663660
0.227722,661539
0.224884,656568
0.2255,657066
0.200987,675964
0.235186,675085
0.195819,678011
0.225787,656734
0.204181,663944
0.21135,676017
0.218992,663452
0.209466,595284
0.205271,657780
0.211741,676509
0.203987,660614
0.210877,593993
0.220713,663630
0.211277,802355
0.23408,622666
0.223577,676113
0.223843,613564
0.212282,657061
0.207837,656403
0.23092,689070
0.239146,694425
0.224477,676724
0.244061,665651
0.231522,614173
0.191389,691006
0.20092,670298
0.238336,660631
0.229663,656736
0.228867,641829
0.222569,677601
0.210731,685744
0.20496,694728
0.220614,666198
0.206676,685341
0.207187,681995
0.218753,687997
0.210978,701162
0.21328,640459
0.220677,596059
0.224789,608700
0.195562,605421
0.23431,681198
0.225286,670870
0.232378,543939
0.182079,621529
0.197537,685277
0.230107,676950
0.21477,596825
0.233928,543228
0.234034,669369
0.215817,677943
0.21046,608422
0.232725,803033
0.237235,691442
0.184798,681036
0.250013,592656
0.194642,641470
0.223976,682796
0.232748,692216
0.202029,696135
0.208566,687272
0.19668,665648
0.195018,642082
0.235667,667663
0.191686,547379
0.209639,680810
0.216168,672692
0.245244,592622
0.225306,683103
0.212155,444489
0.197356,572863
0.189432,678962
0.207266,673995
0.219012,543432
0.226285,679727
0.233656,679938
0.215913,663550
0.225131,687749
0.224844,546994
0.217452,669309
0.218254,675455
0.224173,702574
0.221178,547181
0.231618,660758
0.220027,595751
0.201326,805346
0.229296,676857
0.212298,700032
0.229663,688760
0.20474,545358
0.199235,621532
0.212708,801471
0.189197,572287
0.185706,607333
0.218473,571602
0.232404,492802
0.217459,669384
0.22178,645801
0.215429,571679
0.207959,670076
0.21422,672018
0.219662,543089
0.223183,676812
0.220912,692405
0.22474,687724
0.236135,702540
0.21496,669227
0.23041,667749
0.226569,605512
0.2283,656308
0.196374,694385
0.22712,676939
0.186674,668785
0.217072,801126
0.269419,488726
0.185454,667372
0.198482,703197
0.213634,701634
0.216073,673893
0.208782,543308
0.230868,624577
0.225931,806534
0.228052,687862
0.240972,642086
0.19502,680753
0.226422,703920
0.208609,678796
0.241849,592144
0.216788,657193
0.208195,668558
0.212749,680890
0.1933,668833
0.199221,680756
0.238353,805865
0.206383,682679
0.209448,670351
0.269991,650968
0.211114,683454
0.19724,676463
0.236854,621563
0.222083,501303
0.221864,621450
0.190863,668664
0.22351,701158
0.241238,640492
0.217656,613546
0.228732,570731
0.213907,686659
0.190905,488771
0.209242,624523
0.235306,674646
0.215067,804240
0.193006,595453
0.22919,701817
0.195301,601714
0.23795,641914
0.201727,672896
0.195023,663727
0.215599,695653
0.212049,600301
0.198436,606189
0.218571,518542
0.232959,642137
0.2183,661250
0.219261,608703
0.209238,602080
0.201487,663382
0.219495,665987
0.228158,676280
0.236357,606132
0.219725,663600
0.213502,656669
0.20478,518626
0.202342,649955
0.219066,665940
0.219609,553988
0.21001,688869
0.196811,676551
0.226076,687044
0.202112,608356
0.227317,500871
0.198013,680418
0.205902,702315
0.225354,609275
0.239523,806367
0.214659,670370
0.22207,694378
0.210544,608360
0.208925,660563
0.23576,621573
0.207791,688311
0.220214,701398
0.232679,681143
0.204832,669945
0.193935,663605
0.210988,641882
0.22386,623507
0.233235,663690
0.224417,643268
0.196568,700845
0.247271,691503
0.20563,657510
0.200983,676759
0.240629,622196
0.257733,605612
0.229031,621520
0.198838,657089
0.223919,672544
0.217011,657617
0.236508,694249
0.201435,680914
0.21097,678926
0.219044,680815
0.208848,671080
0.223497,682997
0.221237,474832
0.234682,544725
0.197026,814435
0.194359,801039
0.232602,663714
0.236354,516416
0.208886,694484
0.214569,680552
0.231542,686746
0.216817,685091
0.199811,687035
0.188642,595956
0.187881,641929
0.191608,657253
0.220745,665779
0.217761,607054
0.27103,602074
0.248743,678706
0.230481,623182
0.214388,644374
0.214622,666126
0.247279,668845
0.215253,672504
0.215253,684543
0.193872,687659
0.213897,615699
0.179934,668842
0.238085,543281
0.218117,680636
0.220086,650700
0.187919,687084
0.19507,678681
0.21052,666213
0.208055,656807
0.229323,591720
0.226754,800232
0.196663,665227
0.231328,703766
0.245307,593643
0.223272,687882
0.212174,676616
0.217708,547173
0.217117,691001
0.21842,670919
0.223158,686759
0.191944,671272
0.210388,671271
0.215606,701618
0.195474,806068
0.184953,656627
0.196127,690429
0.202975,665154
0.21413,806005
0.217455,519306
0.181476,676053
0.21366,693850
0.201906,663708
0.202065,689134
0.211688,656388
0.191218,680244
0.204077,680881
0.2102,446334
0.194835,687783
0.205463,681580
0.213588,683344
0.228439,664104
0.202032,682204
0.206955,656371
0.221929,545350
0.210769,684922
0.20096,681400
0.217924,641513
0.21048,680932
0.182194,666178
0.225676,703151
0.236618,690702
0.168192,643348
0.228041,578570
0.236171,656495
0.239062,660681
0.205117,647255
0.23409,663628
0.216222,683145
0.202352,570560
0.222331,800406
0.194591,642165
0.206774,695312
0.23097,679631
0.210588,641323
0.19579,681488
0.237568,672826
0.215326,571918
0.236728,679602
0.194167,679972
0.270295,623912
0.245826,666164
0.175413,702726
0.20097,687867
0.221205,800683
0.193722,663519
0.213546,657108
0.22545,514917
0.231149,641786
0.240216,691720
0.202771,675528
0.205668,685716
0.20925,667493
0.244838,622682
0.216342,693459
0.216589,695692
0.229123,669675
0.202465,807742
0.222676,676782
0.232001,663799
0.197001,676426
0.207906,660620
0.185417,675662
0.235203,607249
0.181261,806464
0.219998,680976
0.249459,675628
0.21967,672600
0.23093,688327
0.244502,621011
0.23735,675649
0.203654,572008
0.19669,686251
0.207097,685313
0.218477,666783
0.20865,670113
0.206074,670548
0.21998,687554
0.218662,605504
0.23253,687310
0.200652,687626
0.226754,682011
0.198881,681852
0.191287,663369
0.189499,676286
0.213815,687349
0.202035,692366
0.182827,664120
0.201616,806964
0.217969,656185
0.248828,676991
0.235313,572041
0.215479,674029
0.255304,691458
0.240298,643524
0.233308,622668
0.234059,666561
0.221719,670462
0.229381,670106
0.20738,656766
0.210259,642461
0.226602,699043
0.237389,657144
0.220214,669069
0.201724,665861
0.220616,687518
0.193274,702693
0.212375,691437
0.180204,813833
0.225906,657088
0.2036,681831
0.219777,519058
0.236608,680683
0.237274,543829
0.199777,642021
0.215912,695490
0.222995,695031
0.216748,801442
0.208953,703607
0.236806,699130
0.221255,700824
0.206613,621002
0.186187,687553
0.216886,593528
0.208061,641505
0.239665,641569
0.181429,641938
0.230108,493114
0.200247,686981
0.200212,592261
0.211832,675966
0.211971,669439
0.200778,542992
0.219976,681862
0.212937,677690
0.185306,800957
0.202403,676443
0.247081,664058
0.211998,501659
0.21062,682073
0.184131,688226
0.206651,665650
0.217004,676761
0.207824,621006
0.208319,682187
0.217559,642721
0.217474,684081
0.212559,435559
0.192172,689880
0.212075,811965
0.184292,642720
0.192945,805082
0.217241,689456
0.203504,681679
0.185056,663446
0.219067,686863
0.241822,547957
0.238881,542921
0.218279,676667
0.189608,681114
0.186653,657010
0.225452,664753
0.223556,596748
0.203211,703155
0.205914,691385
0.186444,673945
0.210429,682266
0.207528,621008
0.220273,668667
0.199334,687394
0.205704,672656
0.222836,571976
0.205704,703601
0.212629,700931
0.211285,621005
0.217071,669002
0.224699,542255
0.192398,685121
0.221314,677223
0.233746,688392
0.168138,690841
0.218352,677599
0.223544,701177
0.224707,677605
0.241769,547989
0.213102,608597
0.220982,665908
0.204453,687019
0.212339,641512
0.217447,699126
0.184705,672760
0.217649,664690
0.211999,677928
0.220402,534606
0.216168,641796
0.212504,673983
0.182817,808277
0.194184,657129
0.205075,664332
0.204414,621514
0.232648,808206
0.196496,681909
0.207603,681370
0.203916,642220
0.215697,650528
0.169298,668794
0.228562,695292
0.211383,665838
0.21137,699144
0.201699,692478
0.205145,519222
0.2102,625510
0.209356,650520
0.22482,688457
0.166238,667690
0.215386,622100
0.233507,687071
0.198497,682040
0.222109,670128
0.212311,672566
0.2079,805891
0.209382,665913
0.215207,800060
0.208839,679741
0.178696,663495
0.203106,669344
0.186816,674330
0.226961,676629
0.203197,681668
0.212937,684222
0.206461,691938
0.217391,456715
0.204493,682621
0.2093,663834
0.194451,695770
0.202734,674951
0.224174,543068
0.222523,641741
0.219289,571980
0.202428,668965
0.192552,672832
0.190447,657562
0.188658,691269
0.182338,807740
0.226662,656514
0.173798,643599
0.203284,802506
0.200524,670767
0.188783,690991
0.224308,699393
0.216736,666140
0.224607,703804
0.200193,668789
0.221156,687588
0.216079,665975
0.212118,572228
0.2106,800473
0.197753,680571
0.203819,656953
0.20667,694368
0.187809,680971
0.208934,695358
0.188162,666196
0.200306,669336
0.20999,596847
0.196884,689328
0.232369,695734
0.210302,665914
0.226166,688832
0.185515,695000
0.202802,643271
0.217382,669702
0.213273,671113
0.229823,681868
0.214023,592567
0.201703,669377
0.160584,676566
0.232335,681286
0.223213,667727
0.225715,657017
0.188848,814408
0.221635,683610
0.234174,669738
0.233742,676762
0.267963,682648
0.180594,687730
0.23365,607461
0.208219,666206
0.24233,572816
0.19958,691183
0.227433,665912
0.189254,682625
0.239597,669256
0.199201,455139
0.219541,541650
0.196263,694185
0.18546,670399
0.214879,680785
0.190841,702457
0.193889,683006
0.201041,660634
0.212566,641856
0.188069,676803
0.208246,686887
0.223915,614177
0.234877,671246
0.195884,672823
0.183302,681375
0.219825,666452
0.213259,688495
0.228424,640461
0.186566,702920
0.233106,691476
0.19552,681377
0.228392,594838
0.209534,689822
0.200422,685474
0.209602,700164
0.225841,686601
0.194063,641385
0.247762,673451
0.206969,640460
0.198858,805347
0.17963,696020
0.207717,694754
0.217495,668698
0.189706,665989
0.209885,680695
0.213312,700936
0.212778,689984
0.204397,543482
0.210884,689216
0.193736,701778
0.21845,641525
0.206863,656847
0.225885,663516
0.195307,805795
0.207397,663725
0.196119,672696
0.177256,698937
0.203276,547172
0.202508,701544
0.220066,801194
0.163649,681234
0.186017,622046
0.23703,691002
0.166516,695744
0.192571,801187
0.208097,658677
0.213427,641336
0.185535,608715
0.233471,672701
0.222489,672653
0.182235,806956
0.208557,800543
0.185661,691792
0.187875,678768
0.207393,691283
0.197166,641689
0.216931,675986
0.217142,671748
0.21649,663911
0.175874,805301
0.197828,664041
0.226472,681468
0.202084,680421
0.218067,642221
0.220846,682075
0.20721,677356
0.215814,690107
0.213199,694689
0.240533,543333
0.203287,668929
0.181457,692333
0.215623,682276
0.236807,678742
0.20748,702068
0.186225,686677
0.225059,663544
0.20524,669442
0.213938,650506
0.201771,800198
0.19877,701785
0.202755,672361
0.204644,642002
0.192749,694359
0.197291,692633
0.215975,518586
0.228299,680938
0.191924,803385
0.215551,669413
0.21013,592743
0.221609,623323
0.190011,702544
0.226625,689688
0.200499,806988
0.198209,695780
0.219013,702679
0.186711,667428
0.183018,686758
0.212357,683593
0.222161,666931
0.190252,692334
0.210913,695735
0.201009,623515
0.18084,685712
0.195161,696140
0.179388,698933
0.215164,677338
0.203326,680710
0.195345,592714
0.218774,696272
0.237242,682119
0.174906,675430
0.203815,687125
0.200521,802531
0.170888,700648
0.220799,694224
0.232622,691021
0.170981,656289
0.211304,664762
0.215083,621545
0.234837,700081
0.186644,687714
0.183803,698927
0.192537,665780
0.209543,681927
0.196462,680518
0.187799,690903
0.185486,622700
0.186805,665715
0.214012,641716
0.246605,493193
0.215968,656508
0.216377,642134
0.199071,657212
0.217139,692446
0.19894,687346
0.214379,666177
0.197526,668756
0.232745,677049
0.213438,573131
0.169255,669649
0.212131,687398
0.199331,672358
0.211918,694977
0.20064,682252
0.207528,656462
0.215397,676627
0.20567,807751
0.198988,673062
0.208434,800325
0.196795,670860
0.179174,681098
0.219938,700361
0.18955,806953
0.210009,691116
0.231524,677647
0.219137,670895
0.216938,677673
0.190461,808129
0.18469,676378
0.175742,678663
0.214767,680589
0.206881,675980
0.183221,689374
0.205793,641531
0.213317,664011
0.194028,694183
0.229672,665776
0.208385,671082
0.182879,815755
0.17355,683001
0.235352,677581
0.197314,640449
0.228359,672905
0.208026,688610
0.207644,592637
0.165346,700939
0.209159,689959
0.210561,660530
0.227637,676811
0.203373,592444
0.177277,694884
0.203118,808265
0.201659,665173
0.198061,703070
0.195438,665138
0.190487,668882
0.200817,703198
0.176135,702270
0.204702,700358
0.191194,800305
0.202939,677060
0.183042,689931
0.191552,641521
0.19079,814791
0.238613,622110
0.181393,680814
0.172884,506702
0.21885,677068
0.200628,595373
0.199154,690957
0.169559,677319
0.198112,678285
0.194429,624507
0.189974,695612
0.198655,806198
0.181262,691941
0.200772,676646
0.187998,656666
0.209444,642162
0.200087,683532
0.165326,805810
0.203518,703152
0.169,694034
0.210216,683061
0.190607,805842
0.205701,676678
0.21352,687833
0.209855,665560
0.210844,678534
0.204247,685087
0.17406,806611
0.219257,676073
0.212065,687426
0.211857,700658
0.187266,620439
0.204064,672750
0.204449,664009
0.180636,681466
0.215945,677610
0.185478,815268
0.178983,803679
0.203245,702906
0.193681,699061
0.217555,703492
0.186775,682109
0.164184,814816
0.215251,594694
0.191152,815039
0.19873,671276
0.204921,664789
0.216953,681898
0.197492,676004
0.200405,670210
0.20881,596451
0.188258,680996
0.223097,696487
0.213227,685300
0.179829,671217
0.221673,501571
0.219548,803288
0.179349,680664
0.172101,703861
0.213354,688002
0.17588,694281
0.230419,669363
0.179504,659359
0.19266,687625
0.192742,672357
0.198671,656260
0.189838,696287
0.186491,695481
0.199425,700685
0.2123,672882
0.207128,680763
0.198583,680719
0.184641,800188
0.171821,676016
0.230927,669741
0.216893,681260
0.211089,801406
0.192624,687463
0.197153,805234
0.219008,543105
0.200087,669451
0.211245,641999
0.169034,659435
0.229521,679734
0.194551,813841
0.209988,688403
0.206443,694292
0.201626,664060
0.205911,605486
0.216453,543768
0.199195,690448
0.221293,542583
0.211476,675925
0.224165,802407
0.204363,687020
0.199643,669245
0.202791,692027
0.182979,702690
0.187012,806146
0.183744,694214
0.216258,679628
0.199933,805672
0.184514,800316
0.192763,621500
0.200022,701655
0.206938,641945
0.228975,694170
0.188547,815589
0.199354,694444
0.235469,699302
0.229629,655996
0.172685,694209
0.217184,685127
0.174915,621433
0.203059,686798
0.167044,685460
0.186532,699213
0.204692,805126
0.228276,678636
0.169521,686912
0.232469,681371
0.196487,641553
0.176629,804858
0.197219,628338
0.1916,807726
0.176279,686196
0.207446,694991
0.208256,657029
0.210687,678173
0.220153,543592
0.1742,815888
0.197099,694749
0.203282,664334
0.181527,695372
0.181478,643549
0.181667,805782
0.178957,678912
0.17844,683493
0.190994,682685
0.187707,800419
0.175487,687526
0.177624,694188
0.191089,695508
0.188955,682799
0.247239,695603
0.191466,692222
0.171441,805015
0.21238,622053
0.178403,688714
0.195601,809945
0.202615,686546
0.207785,595375
0.17181,677593
0.176759,607430
0.220803,673516
0.172853,687192
0.214949,694230
0.190631,815734
0.187785,683612
0.223492,682818
0.219269,694211
0.160461,692021
0.220233,805805
0.196179,814431
0.217566,666560
0.185662,621453
0.18596,678729
0.192941,680740
0.200533,691775
0.235528,600303
0.213201,681142
0.177528,800332
0.194213,656509
0.196714,694194
0.196696,665091
0.191458,605244
0.204807,806314
0.156503,683324
0.216132,685301
0.215522,676613
0.210792,702889
0.209866,643418
0.204212,676628
0.196688,691708
0.202666,694815
0.19714,656494
0.166174,680698
0.197411,623508
0.169109,687340
0.17482,702750
0.173992,683318
0.183757,808234
0.188111,695758
0.236761,600902
0.173904,800643
0.190544,678021
0.191383,686744
0.194356,678648
0.166098,673145
0.175081,814362
0.197146,682090
0.152128,806273
0.199513,813386
0.16663,800208
0.216497,669714
0.172578,808104
0.202478,594988
0.195838,815151
0.211689,685084
0.209612,805268
0.202438,814299
0.201105,664097
0.161753,666386
0.181159,692044
0.21419,543543
0.215481,686958
0.191626,656821
0.190092,668776
0.169784,808337
0.204613,804588
0.200818,682801
0.203751,687382
0.200198,695068
0.191029,663618
0.208923,686404
0.196121,678849
0.201422,687521
0.196277,687036
0.186991,687431
0.195965,668993
0.165973,800503
0.212587,669471
0.183856,682934
0.19889,800285
0.201209,656369
0.167102,685337
0.202202,656364
0.180517,814194
0.20766,680722
0.178886,687072
0.200852,678220
0.175489,692039
0.195525,699115
0.210311,682793
0.221357,694351
0.180214,691276
0.186475,605548
0.210543,691449
0.185806,671956
0.172552,800299
0.189316,672775
0.20138,805075
0.1587,678099
0.213171,702140
0.184952,681540
0.19746,657672
0.22541,650958
0.182993,672903
0.197833,675994
0.185406,690985
0.213622,621458
0.208236,669157
0.204326,678362
0.204199,702708
0.174677,677342
0.209453,679545
0.198466,681132
0.190818,672628
0.179938,692650
0.173317,695467
0.166667,683609
0.170945,805796
0.177871,703190
0.206518,657027
0.225414,669352
0.204869,663561
0.190587,806223
0.166393,680860
0.191086,671495
0.205082,698941
0.216478,685388
0.189254,687930
0.227663,660857
0.193158,688556
0.194889,700341
0.169019,678866
0.207174,800448
0.18998,686499
0.20941,678428
0.178966,800959
0.181524,678828
0.1823,696501
0.190969,677047
0.180513,674466
0.191705,683152
0.183931,803142
0.18889,703202
0.220026,682775
0.189991,807511
0.196162,694371
0.223676,805704
0.22468,681987
0.182037,691601
0.194829,677341
0.169514,687679
0.198373,678854
0.191011,802139
0.188321,660294
0.208939,695023
0.199762,665888
0.208716,689763
0.179065,806263
0.206782,668752
0.196641,687823
0.17033,692046
0.186389,691948
0.211826,630034
0.212171,671925
0.193578,676847
0.171392,801075
0.203451,694203
0.227899,686445
0.1895,649810
0.234031,681023
0.166392,701209
0.196433,676024
0.207144,676722
0.197265,679821
0.190588,803745
0.185319,692497
0.196034,692348
0.21666,669327
0.200087,598265
0.188374,811287
0.206713,691605
0.185993,702250
0.188387,802991
0.163256,814440
0.164657,702110
0.208534,800306
0.184141,692694
0.170055,805052
0.215765,684576
0.20734,572039
0.19332,678584
0.168687,806071
0.214817,673461
0.211112,518618
0.183497,676021
0.193459,676423
0.164853,682424
0.169271,703149
0.19597,673045
0.223357,690443
0.20832,663807
0.208165,663478
0.216943,687918
0.171974,684491
0.18143,687731
0.178065,701324
0.190898,676733
0.153751,800607
0.146682,694184
0.186813,692221
0.197772,680643
0.188035,691410
0.173941,683149
0.203225,690992
0.197848,668787
0.194025,669282
0.181079,691789
0.16329,690469
0.209777,800345
0.18307,702258
0.173997,703477
0.198222,669233
0.237107,800765
0.174952,694399
0.188122,699157
0.204517,682707
0.189605,689440
0.199543,663979
0.192427,811312
0.18746,681495
0.203748,690914
0.176984,684519
0.170582,682452
0.160288,681866
0.207951,815697
0.192023,694974
0.210746,680690
0.160004,688815
0.172108,691863
0.196,682218
0.182512,683481
0.21502,686438
0.239283,684715
0.226759,476704
0.231719,668723
0.198183,623205
0.221754,686984
0.159602,700369
0.213342,640458
0.176503,683550
0.160642,823787
0.191655,519303
0.167759,682196
0.187188,607468
0.19942,680799
0.194204,800414
0.190077,686792
0.214793,620442
0.208192,672537
0.20739,684541
0.209445,687331
0.187799,805168
0.167722,683511
0.151814,702208
0.167807,699052
0.186318,676748
0.190533,677731
0.211353,695521
0.178772,806965
0.200264,814436
0.165675,677329
0.205714,689909
0.214563,592348
0.233652,700321
0.17599,683301
0.198172,681804
0.2369,408234
0.204437,679788
0.201768,691416
0.194482,687201
0.228326,670868
0.172705,815104
0.202308,672850
0.186129,641924
0.170952,681068
0.215129,804645
0.209006,668860
0.170412,803009
0.18826,676205
0.192142,703430
0.181517,694387
0.198737,805904
0.218142,676473
0.178906,813880
0.171109,692228
0.194224,670199
0.16442,701852
0.173889,690956
0.201301,666141
0.173837,698945
0.194424,694266
0.230118,679754
0.187275,800231
0.191242,672623
0.193274,800685
0.207175,670867
0.185982,682633
0.159251,805366
0.186241,689047
0.194318,691497
0.184021,694202
0.193302,682637
0.173769,800348
0.195494,457708
0.1588,683414
0.177228,810053
0.195758,683341
0.195986,661541
0.180073,681941
0.164119,683228
0.147209,683588
0.194867,683408
0.187839,702662
0.174801,701587
0.186014,815044
0.197833,672831
0.189504,677577
0.165195,681879
0.202151,691392
0.193595,696521
0.187574,691191
0.178412,800440
0.168925,801228
0.187719,694187
0.209731,676466
0.196845,691408
0.239046,694271
0.202764,689577
0.213787,699114
0.187281,676002
0.214905,679751
0.202006,699232
0.158833,694943
0.167326,682867
0.154917,813859
0.176831,698916
0.179574,806983
0.191425,693822
0.21237,686541
0.172604,804614
0.174875,677628
0.178499,684855
0.209393,691285
0.2062,503556
0.201366,673901
0.169822,696145
0.190389,691378
0.160378,805957
0.23066,664966
0.176092,678006
0.171451,687284
0.188425,669671
0.170666,682695
0.220533,666179
0.207003,689531
0.206933,702333
0.187732,700731
0.199752,674671
0.211604,666784
0.187737,682864
0.194821,810891
0.201465,692484
0.206556,650883
0.16448,815448
0.160658,681538
0.17051,678803
0.192541,666593
0.171202,683169
0.194582,680642
0.156987,687480
0.191429,804241
0.186677,813852
0.197705,803139
0.201206,681357
0.235193,687206
0.186569,661733
0.186343,666695
0.176515,694229
0.178843,806230
0.175746,703160
0.174245,686845
0.196712,676155
0.203427,696141
0.173112,800357
0.192495,666127
0.20255,667351
0.177969,806191
0.144808,802541
0.183795,680960
0.203031,694661
0.178477,694206
0.191855,700681
0.156457,678739
0.197531,800056
0.203039,683665
0.191975,687545
0.165752,702488
0.186267,703183
0.197018,702042
0.17998,680703
0.173446,699816
0.157606,800621
0.189364,800051
0.195594,691284
0.194286,699478
0.170057,693746
0.217647,674630
0.191637,689256
0.196081,703150
0.204123,681974
0.162465,694294
0.181442,694762
0.175741,691949
0.199465,702253
0.185697,800433
0.200633,670622
0.198577,701594
0.200534,683770
0.165009,684260
0.156831,691584
0.176166,693309
0.184205,688394
0.189867,692390
0.195805,800421
0.192859,687811
0.178027,687608
0.153821,805339
0.225894,592696
0.176954,663682
0.22152,678232
0.173319,691645
0.183243,702416
0.155115,695772
0.157842,687242
0.168165,800294
0.156612,685297
0.20368,812470
0.155234,815896
0.202673,808767
0.194187,694218
0.154191,687315
0.184558,693832
0.203676,680713
0.168312,702214
0.185585,694939
0.175301,805117
0.175251,691600
0.177756,699031
0.197847,678832
0.203016,683031
0.201259,824028
0.186225,663731
0.226379,570481
0.202661,680910
0.181588,814307
0.183377,687285
0.186899,814154
0.175887,695720
0.177037,680874
0.166276,683176
0.180386,694310
0.19585,695565
0.18326,691252
0.198287,811210
0.18464,804710
0.168988,800068
0.193872,672479
0.179912,690189
0.193598,702311
0.186115,702686
0.176438,808535
0.163217,692397
0.18754,683500
0.18734,703177
0.14577,691464
0.144539,684872
0.186879,668888
0.156661,641552
0.185145,669318
0.186175,676625
0.205819,689302
0.192735,668577
0.181521,800510
0.189189,694182
0.178818,814172
0.182378,688273
0.17237,808269
0.199645,519390
0.18768,806252
0.170309,800516
0.18107,688632
0.184521,675974
0.200304,686793
0.157351,694829
0.178446,678807
0.185039,678823
0.134991,682655
0.170685,691913
0.191194,686781
0.200086,657669
0.152094,691710
0.208626,665850
0.157685,801225
0.202362,691292
0.167317,687436
0.189521,814430
0.19061,687069
0.178313,694180
0.168044,699077
0.193375,814413
0.211898,679663
0.163763,703178
0.184446,656967
0.192484,800203
0.177859,821009
0.205063,701010
0.209723,665834
0.16615,808696
0.192506,686833
0.151124,695222
0.19985,815464
0.146323,808237
0.161644,683534
0.18463,801248
0.164542,699167
0.147306,821795
0.174033,683616
0.176541,682003
0.205337,680771
0.210371,805332
0.208268,605346
0.164114,702478
0.172084,800463
0.196495,695554
0.183779,683539
0.149306,821599
0.18333,806985
0.17674,681171
0.201113,683172
0.23471,672635
0.188629,805931
0.212433,681323
0.192204,672749
0.16674,682714
0.186201,696513
0.168201,815931
0.1804,681201
0.188905,801740
0.189872,691588
0.185374,821270
0.181041,692408
0.18961,701701
0.164225,815908
0.179874,681812
0.153591,808289
0.156957,692503
0.171003,696045
0.254342,692585
0.195826,691268
0.199121,682844
0.161529,806884
0.197367,671250
0.176522,805950
0.179298,689141
0.179147,800185
0.199715,801600
0.181926,800194
0.187201,694742
0.150075,806014
0.180011,694193
0.229616,813883
0.217171,680852
0.162278,800508
0.19304,806077
0.192165,692453
0.143962,814297
0.174417,682618
0.191375,686638
0.171342,684712
0.191929,692615
0.185527,694227
0.178429,694065
0.182378,815089
0.16645,699111
0.171994,686956
0.179851,703205
0.192612,672858
0.218593,699471
0.138642,699235
0.15316,691867
0.205433,672013
0.174921,808090
0.192879,687667
0.203412,806978
0.194179,688780
0.178706,682732
0.159618,802459
0.205101,681172
0.196616,669219
0.185328,701152
0.187407,691571
0.164124,702461
0.175326,800393
0.167659,815586
0.178727,691467
0.187875,803241
0.204248,692568
0.156566,808267
0.1673,806368
0.172075,692374
0.172306,702217
0.18647,682662
0.184134,703154
0.165219,694222
0.181472,800449
0.206904,827281
0.189398,814458
0.162153,805999
0.14721,821666
0.160196,685722
0.184275,692412
0.183005,675440
0.135974,823866
0.232072,682182
0.169572,701437
0.201073,687208
0.176439,807967
0.188841,703194
0.196094,811289
0.194179,701206
0.147251,821523
0.151428,683582
0.195718,683546
0.156408,808232
0.156233,692640
0.183457,691184
0.140176,815584
0.207235,686490
0.178785,694369
0.15767,699082
0.184768,692944
0.200625,683469
0.20864,692564
0.164196,691261
0.212265,691685
0.174309,692364
0.180282,701295
0.152445,800540
0.198062,702409
0.147711,680854
0.227472,684109
0.211094,647228
0.183546,691797
0.173705,676075
0.156675,800201
0.163153,806959
0.182748,686960
0.166649,695223
0.163956,694215
0.17055,685376
0.161754,698956
0.154471,809772
0.196153,690904
0.142238,806083
0.151012,802504
0.171952,815304
0.186122,800506
0.141223,802398
0.166421,701682
0.153281,808396
0.184729,693486
0.176091,692562
0.175714,691561
0.197194,686982
0.170872,695342
0.158149,808287
0.185741,690214
0.167774,685298
0.180837,699305
0.210259,493141
0.149445,678986
0.181233,696083
0.174504,682830
0.18008,801507
0.17963,680631
0.177165,801523
0.150075,700385
0.170025,677620
0.145006,808270
0.160552,808818
0.189059,668792
0.194323,680959
0.179585,808118
0.169335,800354
0.132768,808060
0.177742,699698
0.151326,691397
0.181937,663579
0.194095,694320
0.138381,800177
0.158118,813771
0.201253,605196
0.202947,687543
0.179606,701864
0.182809,691177
0.187195,678841
0.159505,690944
0.174314,800444
0.1821,683529
0.181506,680994
0.185828,694896
0.170716,695514
0.157232,815929
0.173839,682632
0.143214,800190
0.172651,804879
0.156705,800597
0.164876,692378
0.19513,660650
0.17914,691926
0.233356,675659
0.206788,669326
0.205947,678689
0.181123,691435
0.212337,678010
0.178699,683058
0.183315,682643
0.154508,682656
0.174121,800370
0.196625,681044
0.149166,808684
0.15056,801460
0.177628,678690
0.21307,671155
0.148641,672355
0.171083,680915
0.193749,687942
0.174873,699017
0.140065,683884
0.173217,814414
0.179114,676288
0.164441,700720
0.177148,695013
0.14702,699002
0.174962,698929
0.196718,687470
0.180045,699709
0.19322,694580
0.144569,806237
0.155563,701661
0.207579,702472
0.167982,800384
0.184146,800126
0.172944,806994
0.182373,691616
0.172041,801698
0.175038,701833
0.163509,702596
0.130865,821065
0.160201,806984
0.168431,684976
0.175994,673064
0.17191,693763
0.175442,682627
0.166451,702283
0.211592,642451
0.141469,682191
0.150355,808368
0.152301,691988
0.175703,691623
0.141074,821073
0.188372,670863
0.194297,692591
0.177191,677597
0.171297,683170
0.207321,669386
0.172177,800387
0.158654,800176
0.17777,687493
0.246833,694514
0.226713,694808
0.183295,687136
0.153274,808116
0.14609,800547
0.175721,689731
0.185389,703175
0.197321,687799
0.161183,808503
0.16351,702995
0.161979,802018
0.187743,703153
0.16264,805816
0.183855,694336
0.183384,686941
0.15135,673036
0.167801,696264
0.199442,695370
0.140345,702869
0.190044,680396
0.15393,815325
0.181004,683536
0.195678,687852
0.177953,821130
0.156829,808099
0.145375,811633
0.1763,691265
0.196985,669200
0.162858,682039
0.124818,814842
0.174312,690997
0.183562,815195
0.155199,805319
0.201697,680918
0.175254,684997
0.220947,815067
0.150811,815889
0.157017,694191
0.171366,682728
0.186974,694420
0.164535,806210
0.207985,664068
0.179083,680935
0.17218,683364
0.212605,676203
0.167544,687982
0.175192,814546
0.183348,696486
0.15614,809944
0.194784,694070
0.141406,808096
0.179894,691411
0.183652,669015
0.170708,699127
0.140767,806992
0.157786,702391
0.173252,680775
0.151112,808342
0.146733,806238
0.142365,800438
0.173698,678863
0.222458,670208
0.137912,806987
0.214309,572365
0.166434,702550
0.201932,694025
0.198364,680711
0.174581,683577
0.161647,807720
0.196976,800256
0.173584,687601
0.172418,693515
0.179875,805956
0.176347,688500
0.15877,800424
0.138495,669347
0.168852,806012
0.159291,815897
0.136974,821657
0.159619,822619
0.158034,800362
0.189731,666638
0.160133,683013
0.17697,681075
0.157033,805692
0.180554,808148
0.188077,693819
0.167615,694201
0.166101,694049
0.154771,800329
0.159371,677572
0.206628,688449
0.180745,675992
0.132631,808302
0.184009,800193
0.166201,692556
0.158851,821790
0.171504,678865
0.139642,821770
0.162063,682853
0.18167,678247
0.160826,694204
0.194102,690971
0.168607,805297
0.201363,694976
0.16969,821112
0.170833,682631
0.23249,695078
0.175872,690994
0.168314,800170
0.138006,808261
0.148913,808223
0.180453,702292
0.144367,703199
0.168828,806441
0.144678,811602
0.163381,692417
0.170269,692377
0.178109,691418
0.187102,680998
0.145104,808226
0.182598,691398
0.196461,693790
0.138304,805775
0.157821,808239
0.18969,807994
0.182697,691190
0.144537,808121
0.146815,702685
0.187358,689235
0.177795,669090
0.183653,813985
0.201314,688808
0.172594,687260
0.165529,682725
0.182937,690804
0.150736,691281
0.151577,703157
0.150714,800171
0.142766,821591
0.158561,800169
0.166862,692036
0.167681,699076
0.160047,694783
0.159909,703742
0.139497,808530
0.205879,672861
0.135452,806991
0.175277,808153
0.18498,665827
0.202373,805951
0.156489,807004
0.157219,692023
0.156338,808041
0.150368,801276
0.177278,691905
0.159081,683007
0.164959,686673
0.149534,802135
0.181417,694552
0.16859,683847
0.134947,800399
0.148264,821751
0.187426,686634
0.134271,808143
0.168747,800254
0.202637,676038
0.157659,808285
0.202266,677565
0.17872,685776
0.212147,699912
0.141129,678800
0.169081,678317
0.15607,699206
0.223643,651016
0.149491,806124
0.16528,687628
0.202918,671913
0.130686,808132
0.176592,695048
0.165823,682647
0.1514,701327
0.148252,808011
0.169136,693808
0.22,663845
0.160792,800385
0.177952,681326
0.154934,821075
0.133697,800200
0.210426,700170
0.204605,674976
0.157594,815909
0.166773,694199
0.134966,808687
0.182555,678652
0.155935,800132
0.177457,698973
0.163758,690350
0.170446,807011
0.145253,695426
0.16605,808157
0.161148,678850
0.185736,691939
0.189151,800281
0.150788,703715
0.176666,693798
0.180246,699027
0.150465,808142
0.169483,815842
0.190328,692657
0.176252,691927
0.195645,691405
0.17316,815306
0.130824,703305
0.13431,815916
0.161697,807007
0.207629,687981
0.147511,800569
0.142006,808307
0.158962,808014
0.180688,680586
0.162741,701100
0.153087,821759
0.154281,807977
0.187816,684263
0.165985,699293
0.150449,821113
0.1438,821049
0.167051,686236
0.188141,815097
0.139041,693805
0.139347,808233
0.149393,801176
0.182409,691370
0.138688,691446
0.145001,691278
0.169315,800627
0.130029,821637
0.144239,821818
0.162384,692371
0.170887,679733
0.171793,676419
0.164834,699020
0.217534,694930
0.153315,805737
0.172198,682860
0.156629,807641
0.174821,696291
0.163931,691264
0.152228,801938
0.166434,693770
0.176133,808245
0.136106,815911
0.134243,699166
0.182844,669470
0.133326,807404
0.139447,800456
0.15041,820988
0.17184,677600
0.161646,820989
0.180234,695491
0.189581,675982
0.167591,800412
0.150406,815907
0.17269,699069
0.168121,821171
0.167573,800087
0.154574,703144
0.130487,815898
0.160932,815906
0.166066,806306
0.171075,699321
0.162385,821379
0.176604,805102
0.165991,703813
0.172519,683649
0.176753,699712
0.163202,800303
0.160992,692043
0.157578,805058
0.159274,805804
0.23076,682646
0.193984,678844
0.166156,694200
0.131651,800396
0.189015,800522
0.181613,702977
0.136354,821108
0.142826,808159
0.13347,812747
0.165928,814261
0.158093,683459
0.190987,682265
0.177379,827294
0.145156,808717
0.174656,802544
0.173178,678781
0.138996,815011
0.139161,808007
0.173492,684495
0.185157,678825
0.160771,806982
0.179468,688658
0.166005,815017
0.184575,700283
0.193412,683102
0.162746,821180
0.170308,669190
0.170199,804884
0.157843,808113
0.184062,701062
0.166649,687548
0.174844,684580
0.139855,808264
0.177089,801822
0.141742,800197
0.173562,702328
0.142006,801260
0.128743,807983
0.159547,807951
0.145057,821099
0.17637,683389
0.176863,691403
0.149427,702673
0.173558,691273
0.148915,821262
0.168909,805763
0.1577,815915
0.155641,821762
0.140603,801178
0.13301,693809
0.151368,698902
0.16123,800257
0.149166,801726
0.162017,679350
0.171295,702908
0.13939,800333
0.144258,808314
0.169496,676545
0.15928,808257
0.170229,682630
0.171083,694186
0.169063,809846
0.174235,682722
0.153787,683104
0.126944,821672
0.157974,699228
0.14891,806773
0.168516,698984
0.146576,821765
0.179632,687992
0.204405,685392
0.168569,678637
0.169744,691922
0.146796,808890
0.132709,692649
0.154539,703902
0.143307,703195
0.135919,699066
0.165204,698911
0.205403,679881
0.18656,800029
0.138809,698972
0.158406,694062
0.167552,801525
0.135242,820886
0.175175,814131
0.134471,702444
0.144963,808024
0.15492,821696
0.164082,678808
0.119251,821018
0.170995,801430
0.161463,821236
0.18548,691621
0.16277,677571
0.156542,692596
0.16885,805964
0.154435,815917
0.167795,690902
0.14521,800428
0.143556,805452
0.135907,808525
0.133845,808538
0.140285,821684
0.167772,808665
0.152744,821791
0.154026,800253
0.144621,692386
0.175452,686338
0.130583,808126
0.188762,813982
0.223043,684852
0.157723,800106
0.1312,800271
0.141401,801522
0.144149,821673
0.121383,808089
0.18685,686766
0.189594,669013
0.173675,807746
0.177913,703890
0.175222,674913
0.184003,807728
0.187426,691726
0.166973,691586
0.160296,687279
0.156507,808706
0.136249,821419
0.165743,678604
0.147496,821763
0.155145,691020
0.164863,686683
0.174847,608336
0.137299,692428
0.156457,700338
0.13834,808119
0.174692,699013
0.124147,808248
0.160608,814278
0.193146,699615
0.144488,800147
0.161965,679553
0.156471,821813
0.181595,702114
0.145619,808339
0.158845,805701
0.130524,801271
0.161235,821045
0.162445,808040
0.174553,695604
0.17672,800377
0.167587,692508
0.19711,678577
0.170806,815793
0.141016,692419
0.177093,682628
0.17372,688963
0.164588,807957
0.177539,700840
0.151002,806963
0.162973,806869
0.142226,815904
0.1234,800531
0.166106,693418
0.138323,806981
0.128077,805080
0.161521,806538
0.158749,808282
0.180511,815903
0.158969,807759
0.163471,681111
0.150723,827504
0.144775,692224
0.136898,800149
0.16708,682658
0.157788,800195
0.179768,683887
0.154621,683485
0.182384,821692
0.168746,805466
0.145453,812158
0.162197,691483
0.161216,687858
0.153912,821107
0.18857,699065
0.191084,809707
0.139303,808162
0.154725,800411
0.130739,808939
0.149174,807008
0.160393,687086
0.149865,703161
0.161646,682917
0.162151,691438
0.164129,676425
0.120272,815214
0.165731,692422
0.155104,800266
0.157474,808067
0.171714,703200
0.165593,683549
0.147347,811551
0.149299,820986
0.159074,687113
0.151276,821240
0.184398,691456
0.160133,699015
0.157418,805077
0.145101,800465
0.157963,807000
0.167893,698931
0.16985,821151
0.139985,692594
0.149808,806973
0.176331,694210
0.162538,690969
0.153582,695686
0.141327,699806
0.162257,808381
0.147615,823727
0.152867,808094
0.160574,800724
0.147422,806061
0.14061,808334
0.147144,699090
0.174848,691338
0.136775,812430
0.197951,689355
0.138215,805801
0.151196,808298
0.215563,605119
0.184842,681348
0.170404,672501
0.149545,697779
0.153021,808037
0.219892,594777
0.144791,815893
0.148514,800251
0.13543,806919
0.143743,821754
0.161379,823719
0.186114,699105
0.159834,695707
0.149069,698966
0.144143,699318
0.162867,691770
0.161707,814269
0.16072,691968
0.136488,808380
0.15494,821654
0.152778,801258
0.157027,692118
0.155029,687557
0.127,703181
0.153689,821716
0.13869,808395
0.142328,808082
0.165428,692852
0.173207,801230
0.16467,702467
0.162981,806304
0.150992,821789
0.164415,663744
0.210337,675656
0.217695,689750
0.147433,821200
0.155645,700162
0.154529,700332
0.133967,821697
0.160355,808281
0.14063,800160
0.161932,813844
0.146916,813860
0.137194,808141
0.127304,692025
0.135949,703191
0.154999,820984
0.150075,815902
0.154071,800179
0.147103,808387
0.16014,806299
0.154193,800617
0.164568,682763
0.168215,808145
0.139278,808677
0.155957,691450
0.127092,808344
0.161791,808091
0.160478,691513
0.153635,800402
0.154021,699097
0.141421,669010
0.159527,678893
0.171771,808326
0.159238,699810
0.15821,692577
0.142934,821618
0.165916,694217
0.157749,808516
0.162031,681453
0.206587,689651
0.144915,698999
0.14321,694228
0.154812,691557
0.142504,820999
0.145889,800174
0.133262,809329
0.156644,800272
0.131742,692031
0.183491,677004
0.163068,808545
0.15669,820847
0.1349,821413
0.173473,821128
0.152544,823014
0.160512,692851
0.153382,800143
0.187579,695461
0.157598,699203
0.166703,801736
0.144381,800346
0.161724,808702
0.146658,703158
0.147496,808286
0.154328,668769
0.160749,683504
0.153075,691628
0.146432,820991
0.134288,812749
0.157222,807737
0.227202,621311
0.151271,699019
0.147997,800206
0.139793,800139
0.13894,821592
0.14257,808015
0.132286,800140
0.134603,821126
0.170392,684008
0.171565,806187
0.135194,815913
0.155212,683330
0.148132,815924
0.131747,800327
0.161016,682751
0.131791,698915
0.138513,800145
0.139824,808166
0.143239,821752
0.154763,800192
0.158923,807999
0.154948,808689
0.158267,703143
0.158615,805054
0.127132,683844
0.164189,693073
0.171112,680963
0.166865,683563
0.167146,699014
0.146947,800367
0.145437,800380
0.132063,800382
0.169017,694838
0.155618,821691
0.187349,693306
0.134869,821695
0.135679,821279
0.145012,821002
0.164677,800476
0.152856,692644
0.134498,800401
0.149786,703924
0.140461,692610
0.151796,821090
0.137215,692019
0.140625,821772
0.160736,807714
0.119468,688507
0.158979,821260
0.1482,821012
0.149129,699720
0.153506,699142
0.148649,806980
0.150418,701424
0.171503,690983
0.141831,815894
0.144325,821199
0.149284,698971
0.148,823348
0.171179,691466
0.166557,691492
0.216091,677956
0.191113,683427
0.1517,807817
0.135503,821819
0.150628,699273
0.143147,699219
0.173004,672562
0.136653,814256
0.158412,821197
0.216481,678413
0.168799,681334
0.147916,808027
0.179939,692489
0.191148,691186
0.148443,821775
0.139505,815928
0.152746,804521
0.138332,807970
0.154311,807649
0.121442,808372
0.149284,691279
0.181091,821100
0.145225,800011
0.145305,807978
0.147887,801263
0.146447,808698
0.13821,800307
0.151145,821645
0.124865,821688
0.16319,807975
0.209583,681184
0.157155,815010
0.144163,691866
0.125882,820997
0.144983,800129
0.151425,808544
0.148035,802511
0.146064,800520
0.148432,692670
0.153032,800330
0.15451,699051
0.140865,806962
0.150038,693720
0.157437,691625
0.129205,821614
0.141749,800182
0.1516,694213
0.16303,695457
0.137688,806979
0.144661,809779
0.158421,821187
0.13962,801264
0.143933,821246
0.16736,801881
0.151617,808500
0.160945,691701
0.163599,692190
0.148434,821767
0.169654,814806
0.12305,806921
0.171334,686577
0.171744,699269
0.155537,823785
0.180088,667240
0.15714,806212
0.141677,821258
0.151394,808106
0.151841,821676
0.174769,815299
0.143259,808685
0.151628,827285
0.122245,815105
0.127316,815008
0.165896,800496
0.127997,808009
0.120911,800523
0.152806,699303
0.165694,807587
0.149878,800488
0.135077,696065
0.121813,810981
0.149559,699085
0.169908,692603
0.172567,691262
0.135192,820996
0.157639,820987
0.160687,687012
0.161102,800426
0.151899,691900
0.156946,699108
0.150842,808273
0.122701,700335
0.133737,807972
0.159707,700286
0.13179,806966
0.142039,805062
0.181399,676882
0.146294,820962
0.142238,803367
0.147685,698998
0.155654,808165
0.158295,703188
0.118577,814285
0.176773,807987
0.120093,808306
0.161201,699152
0.143482,691909
0.144241,802560
0.155297,802098
0.212592,681159
0.155171,821495
0.154978,694810
0.15825,691396
0.117437,821687
0.151113,808401
0.135661,821631
0.164879,808693
0.146854,800276
0.135802,815757
0.122662,808518
0.158533,814188
0.153365,806922
0.127,821794
0.170208,815459
0.159765,683754
0.119923,695991
0.14492,800199
0.13626,698991
0.134488,806968
0.169711,681296
0.141508,808083
0.14401,800434
0.158138,696282
0.145644,800026
0.231645,678746
0.154115,820968
0.132991,800546
0.136452,821787
0.13912,808084
0.14682,693710
0.130838,700160
0.169147,691282
0.147992,689537
0.138636,800548
0.138659,808079
0.13894,800167
0.139286,811593
0.181042,808365
0.176169,703204
0.143382,808704
0.146297,692490
0.130011,816339
0.132265,692358
0.151551,815294
0.144153,800378
0.151257,821158
0.142014,800526
0.144639,703405
0.146729,821154
0.135946,808220
0.141778,805116
0.150418,683106
0.145674,700285
0.173889,806957
0.161637,820943
0.14042,703180
0.153668,809770
0.188477,694380
0.153232,800578
0.173058,691343
0.135704,821786
0.164896,678812
0.153566,808137
0.160722,694216
0.1358,698940
0.210202,687567
0.127551,821647
0.235553,678837
0.151114,809331
0.165487,703726
0.141454,691179
0.149984,683619
0.158281,691188
0.152884,808120
0.154736,699068
0.143514,800379
0.160653,682765
0.138969,814545
0.144321,806707
0.150465,703641
0.146623,800284
0.168216,699475
0.13707,691910
0.134173,808519
0.145245,700328
0.131604,808321
0.142231,699224
0.156702,808263
0.145623,805680
0.144761,821524
0.148811,814293
0.148164,808240
0.135962,696015
0.157837,694181
0.157265,800250
0.172476,677611
0.174927,685580
0.157804,821773
0.158289,682850
0.13042,808228
0.144115,814748
0.166004,692551
0.167371,682882
0.159641,805104
0.146497,701660
0.151789,808635
0.141275,801259
0.163208,800371
0.133659,820979
0.136475,808367
0.169081,691758
0.165433,699055
0.132409,808151
0.164443,800389
0.128775,806998
0.153516,699049
0.151169,699205
0.150111,821101
0.148286,809778
0.123484,808692
0.141457,800130
0.127203,808023
0.127036,808103
0.124432,800244
0.128301,815933
0.150603,814812
0.135329,699026
0.129429,808371
0.135023,800269
0.115738,800293
0.136907,800205
0.130491,820980
0.133498,805470
0.148592,816344
0.171726,808377
0.182447,800204
0.165875,683091
0.134651,807148
0.128089,808278
0.142209,808029
0.146305,691642
0.141337,809337
0.167362,701786
0.147639,698928
0.211591,666197
0.155084,823015
0.146516,808691
0.138458,806961
0.12624,814294
0.153673,800492
0.166508,683451
0.152659,821094
0.148069,808498
0.168651,677339
0.145935,815204
0.145266,801250
0.184018,676896
0.140627,808294
0.147107,700272
0.136509,807958
0.175986,691897
0.162348,695708
0.13565,807010
0.111881,821604
0.150027,800391
0.125134,703203
0.141975,815006
0.119837,808672
0.228705,609274
0.137946,821263
0.146715,816145
0.144754,808496
0.165455,821041
0.123528,820954
0.131604,821043
0.1372,806161
0.167148,692552
0.121654,808315
0.136861,821079
0.121517,805953
0.132186,807600
0.174189,701800
0.141325,815925
0.137222,800495
0.157418,807949
0.154791,800066
0.161972,688551
0.135473,808123
0.15346,692583
0.132926,800248
0.147342,699000
0.139886,823720
0.135606,821162
0.21489,694812
0.162871,702601
0.161154,800356
0.141308,691332
0.128618,815910
0.125395,699021
0.155527,682889
0.145142,699006
0.167129,806995
0.141508,800451
0.146432,820993
0.153531,691559
0.131475,801226
0.119566,815009
0.143241,821671
0.150252,800407
0.127463,821690
0.162806,806355
0.150182,821115
0.166231,805870
0.123746,809336
0.122115,808705
0.158254,682770
0.13364,699100
0.152593,803433
0.122136,806969
0.147107,687701
0.142301,808379
0.13774,823875
0.14267,678655
0.133712,692840
0.135858,800209
0.129965,800312
0.122244,800180
0.218967,677941
0.166702,800196
0.143528,702476
0.143477,694226
0.128553,808316
0.140398,699098
0.138114,703612
0.145556,804966
0.14864,821663
0.120232,815014
0.182109,800164
0.139478,821597
0.133123,805043
0.148463,827280
0.127151,802066
0.11384,815892
0.154585,805744
0.138977,808679
0.143343,684494
0.150198,691729
0.154105,687073
0.206217,676595
0.170327,821181
0.147908,690898
0.127867,821000
0.148809,821129
0.153257,821150
0.150038,803127
0.221562,670223
0.135858,807643
0.136591,821008
0.14808,808336
0.124501,699029
0.117887,808030
0.142188,815016
0.140706,808156
0.158245,806311
0.121085,821274
0.146816,692376
0.141581,808388
0.129681,807005
0.135738,808025
0.145383,800155
0.170178,694757
0.153666,694045
0.145944,693795
0.138211,808529
0.139363,820969
0.142827,821036
0.145565,703159
0.1535,815220
0.121264,808032
0.139356,800319
0.152251,800165
0.144755,806873
0.120423,815007
0.142903,809776
0.122849,808251
0.137201,806867
0.147201,699030
0.158608,808080
0.22212,680273
0.148582,806310
0.138029,808382
0.153713,703192
0.132629,808355
0.121712,815022
0.148113,694219
0.174198,822177
0.132682,800364
0.142107,700175
0.131833,807836
0.141016,807384
0.147159,807239
0.218434,541645
0.136898,699053
0.131624,815918
0.146196,692491
0.140024,808297
0.131824,820975
0.123471,702106
0.157295,700998
0.148909,808038
0.151269,702895
0.128222,800309
0.127092,815901
0.154491,808050
0.12492,820972
0.210599,677570
0.145041,821139
0.147603,821277
0.159419,808044
0.144812,800131
0.135067,805656
0.152494,703906
0.129126,800298
0.141283,808105
0.153246,800287
0.147963,810048
0.156154,800360
0.114169,820925
0.128135,815201
0.207932,674677
0.145725,815182
0.154745,802100
0.165633,800478
0.130315,808075
0.159417,821138
0.138013,703727
0.123598,808320
0.131863,807956
0.1435,692456
0.126696,700320
0.138988,804695
0.147968,805108
0.119318,800133
0.128178,821629
0.153813,700027
0.145888,821273
0.135762,809683
0.13268,808258
0.159165,808675
0.226853,571745
0.132726,821613
0.16139,813976
0.14065,694190
0.228254,663536
0.164691,808004
0.139662,694044
0.135012,800342
0.134385,691865
0.13705,808077
0.1547,802082
0.164261,682881
0.11771,808140
0.146474,699721
0.139198,800405
0.133194,808553
0.1415,692424
0.148483,698990
0.157929,701106
0.205268,672596
0.147106,821164
0.147806,821380
0.13551,821136
0.138979,808504
0.122043,806997
0.143119,803426
0.132447,805129
0.116753,821192
0.128088,821685
0.143547,808303
0.13885,692406
0.163601,699112
0.14795,692602
0.142857,691493
0.145695,698969
0.145286,691496
0.142933,691420
0.131986,699176
0.112287,820990
0.130701,821610
0.142468,691422
0.135946,800138
0.140263,698963
0.153465,698948
0.13439,806120
0.213031,668472
0.130725,693782
0.140682,800524
0.149493,821809
0.148954,703201
0.13556,691454
0.119435,800268
0.139877,702096
0.147878,821085
0.139515,690958
0.122148,691919
0.144405,800186
0.152563,692658
0.140675,808393
0.137018,698954
0.133119,821665
0.128161,815905
0.122777,699005
0.135022,806823
0.136442,821147
0.144012,808695
0.167602,692598
0.154984,699285
0.142513,821699
0.133341,814229
0.136892,698935
0.119141,815004
0.143124,802016
0.148511,821034
0.134137,808338
0.139856,812461
0.166267,820856
0.142591,692548
0.179176,821076
0.133175,800264
0.136248,827326
0.215908,668843
0.144974,801265
0.13495,808708
0.130991,820851
0.130072,802528
0.136227,821143
0.1438,815900
0.144761,800296
0.141993,808711
0.137103,808392
0.115724,808028
0.233,667803
0.150887,699165
0.136766,679552
0.155759,802091
0.133702,800134
0.141855,692837
0.138743,700367
0.127426,691452
0.137423,821642
0.141327,820942
0.152111,801462
0.112234,821797
0.133176,692430
0.126689,699012
0.128186,692074
0.146743,698978
0.134712,692360
0.142231,699078
0.139751,800261
0.139793,805467
0.144143,682758
0.117295,823731
0.135883,821683
0.134671,821028
0.135135,800368
0.132198,808147
0.158838,684226
0.137046,694048
0.145351,698950
0.146973,699056
0.136571,691266
0.137251,821030
0.156179,821607
0.11314,808322
0.144169,805236
0.147201,700330
0.130008,800417
0.127572,800472
0.138856,698951
0.15146,694189
0.141584,821620
0.143071,682715
0.118912,814259
0.144882,805053
0.14663,815895
0.123428,821014
0.132067,699278
0.124362,699315
0.123497,807006
0.121114,807645
0.141556,807837
0.138349,800369
0.126453,801262
0.14789,692655
0.148977,694225
0.144364,808683
0.135721,802102
0.146852,808304
0.144647,808235
0.145177,692580
0.137499,814224
0.122971,800159
0.14668,814376
0.1106,821796
0.119564,821086
0.134679,808086
0.146947,823850
0.139044,801381
0.128458,821259
0.145659,800504
0.135354,823869
0.123465,805740
0.138363,698995
0.128138,808217
0.155036,700020
0.135951,703184
0.127324,814696
0.13804,815019
0.176915,807969
0.143949,807981
0.130082,812161
0.128604,800326
0.223893,687210
0.141236,699113
0.155182,678276
0.126342,808293
0.131436,808124
0.125892,702211
0.140726,821183
0.13232,800343
0.129814,808688
0.134067,808271
0.129252,691274
0.118804,800337
0.143615,808325
0.156273,808146
0.121332,806977
0.153472,699307
0.128369,821694
0.143787,808272
0.230271,682674
0.126825,808353
0.140266,808709
0.160912,808236
0.148528,808631
0.135519,802079
0.12761,808039
0.13768,808324
0.131356,691655
0.129148,692582
0.115702,806647
0.13005,807379
0.121645,815923
0.127249,800372
0.145527,698975
0.142903,821803
0.139405,692634
0.140114,806523
0.132045,823931
0.117086,815002
0.138862,807820
0.145151,694223
0.109869,821042
0.117393,820783
0.125727,805103
0.151147,800123
0.132828,808490
0.112448,821822
0.138045,808517
0.12434,806104
0.136866,808494
0.142325,800069
0.146493,691401
0.127995,808152
0.127812,685725
0.133221,807646
0.153048,821761
0.145905,821149
0.13443,820994
0.146508,807831
0.135224,703130
0.123674,691445
0.204563,572761
0.140767,808212
0.111038,808493
0.131565,696096
0.1415,702922
0.133448,808017
0.13534,806152
0.15598,821243
0.140962,691395
0.13148,808134
0.13339,700339
0.142435,808291
0.142903,806990
0.129315,808100
0.129592,800290
0.209647,680693
0.137412,692450
0.138856,808370
0.114471,820995
0.116496,815024
0.143314,698977
0.138957,698946
0.139046,699710
0.138994,802622
0.146033,808532
0.137739,807960
0.140284,692578
0.138157,805061
0.138498,703179
0.139776,815922
0.124318,821801
0.111963,815927
0.124066,823857
0.140092,699713
0.132606,700295
0.135559,808288
0.14272,800016
0.140756,821600
0.119865,808043
0.135057,702435
0.13951,815121
0.125041,820974
0.135727,823873
0.144618,699035
0.140793,814223
0.132924,703939
0.139943,692560
0.148665,691895
0.133498,807824
0.110913,808073
0.198695,701648
0.149716,699229
0.15893,815857
0.145791,800542
0.126364,808499
0.130333,808034
0.127682,808092
0.140686,699711
0.136573,800410
0.123374,700297
0.156992,693745
0.137077,685735
0.142243,691543
0.130089,821160
0.131079,800151
0.130804,824765
0.126826,806655
0.142918,800258
0.128104,692033
0.136918,800374
0.134494,806518
0.11489,820873
0.121082,808279
0.13143,703340
0.133636,811231
0.148591,806993
0.137165,700163
0.13371,692393
0.139205,808115
0.126223,805130
0.133569,800541
0.126115,703905
0.135788,699028
0.141146,800513
0.131396,808492
0.115255,808078
0.112693,821078
0.123694,692403
0.232987,805811
0.12988,691915
0.119408,699700
0.129647,693810
0.130796,800339
0.129174,691402
0.131013,808686
0.121258,807383
0.134607,806999
0.123907,821031
0.126984,692032
0.120178,800267
0.131289,698979
0.127201,698943
0.130238,807815
0.130028,808673
0.122773,808241
0.149931,800135
0.126796,808253
0.139618,692571
0.216434,663905
0.129689,692817
0.120917,821235
0.129953,691906
0.112888,805042
0.114798,805063
0.139567,800302
0.140517,807755
0.141132,703156
0.157666,821824
0.126482,815686
0.124079,821015
0.130804,816085
0.109561,821686
0.128238,808488
0.128936,800373
0.12948,699394
0.132067,801256
0.224779,683447
0.218199,681134
0.131503,808328
0.138937,808033
0.215457,695462
0.11656,821178
0.124382,821784
0.104377,823652
0.134259,808312
0.116337,800572
0.129438,821244
0.118223,821769
0.114181,808021
0.207804,695587
0.107738,808031
0.204229,664247
0.201156,676480
0.208275,669899
0.217681,669288
0.206234,676632
0.200524,687066
0.209216,666183
0.206435,687751
0.218394,543257
0.230721,677942
0.222146,687248
0.227684,682650
0.190135,702112
0.233851,643265
0.223924,624414
0.17168,676045
0.255573,682653
0.1909,690988
0.198033,665120
0.224288,669742
0.200974,669717
0.20898,694848
0.217707,676946
0.195815,673990
0.205915,691267
0.220677,571875
0.221031,690987
0.216079,669722
0.23021,664731
0.21358,682183
0.222647,687605
0.223751,694362
0.241785,546991
0.230709,641820
0.219939,656448
0.248952,592178
0.198631,641343
0.235255,671284
0.215856,665052
0.198574,666915
0.190642,571740
0.189115,683953
0.178771,455117
0.1997,695506
0.210807,701358
